{"type": "metrics", "dataset": "train", "precision": 0.506366103109998, "balanced_accuracy": 0.6838516940476517, "recall": 0.5134391534391535, "f1_score": 0.5098781000420345}
{"type": "metrics", "dataset": "test", "precision": 0.4975149105367793, "balanced_accuracy": 0.6911228488277474, "recall": 0.525183630640084, "f1_score": 0.5109749872383869}
{"type": "cm_matrix", "dataset": "train", "true_0": {"predicted_0": 13863, "predicted_1": 2365}, "true_1": {"predicted_0": 2299, "predicted_1": 2426}}
{"type": "cm_matrix", "dataset": "test", "true_0": {"predicted_0": 6062, "predicted_1": 1011}, "true_1": {"predicted_0": 905, "predicted_1": 1001}}
